,mc,fs
scoB,0.0,0.0
argJ,100.0,0.0
citZ,100.0,0.0
pckA,100.0,0.0
ilvB,100.0,0.0
metE,100.0,0.0
argD,100.0,0.0
argB,100.0,0.0
pyrK,100.0,0.0
pdhD,29.70503900293001,70.29496099706999
gmk,84.64307187686765,15.356928123132349
cmk,58.30142251474173,41.69857748525828
eno,51.05036223634893,48.94963776365107
pyk,0.0,100.0
gapA,38.00393807873719,61.9960619212628
